episode,total_steps,episode_steps,episode_reward,episode_env_reward,lives_lost,epsilon,average_loss,mean_max_q,mean_q,mean_q_gap
0,1177,1177,-296.7699999999981,20.0,3,0.9995527399999741,,0.037027101919447455,0.016395338039493904,0.008630148602765095
1,2644,1467,-374.6699999999903,75.0,3,0.9989952799999418,,0.03701225078290794,0.01640691211918177,0.008408752165292913
2,4103,1459,-409.5899999999933,50.0,3,0.9984408599999096,,0.03698461520919006,0.0163408764156068,0.008983289589307502
3,6912,2809,-243.08999999998122,180.0,3,0.9973734399998477,,0.037717697979473226,0.01615324954446916,0.009295216669027133
0,1371,1371,-408.7099999999961,15.0,3,0.9989580399999396,,0.037021998655700404,0.0005030637303638383,0.020620337231621353
1,2660,1289,-422.88999999999606,105.0,3,0.9979783999998828,,0.03639070964523117,0.00045157743791458376,0.019947858981042524
2,6511,3851,-13.510000000005348,410.0,3,0.9950516399997131,,0.037541506839546095,0.0005668298686856373,0.021194987220075866
3,8332,1821,-378.209999999992,105.0,3,0.9936676799996329,,0.037075249362636696,0.0005783860507035098,0.020402850518754914
4,10507,2175,-371.74999999999727,160.0,3,0.9920146799995371,0.25985769519563945,0.03703805096190551,0.004893869410221491,0.0179643060986338
